Name1,email1@example.com,Address 1,111-111-1111
Name2,email2@example.com,Address 2,222-222-2222
Name3,email3@example.com,Address 3,333-333-3333
Name4,email4@example.com,Address 4,444-444-4444
Name5,email5@example.com,Address 5,555-555-5555
Name6,email6@example.com,Address 6,666-666-6666
Name7,email7@example.com,Address 7,777-777-7777
Name8,email8@example.com,Address 8,888-888-8888
Name9,email9@example.com,Address 9,999-999-9999
Name9,email9@example.com,Address 9,999-999-9999
Name11,email11@example.com,Address 11,111-111-1112
Name12,email12@example.com,Address 12,121-121-1212
Name13,email13@example.com,Address 13,131-131-1313
Name14,email14@example.com,Address 14,141-141-1414
Name15,email15@example.com,Address 15,151-151-1515
Name16,email16@example.com,Address 16,161-161-1616
Name17,email17@example.com,Address 17,171-171-1717
Name18,email18@example.com,Address 18,181-181-1818
Name19,email19@example.com,Address 19,191-191-1919
Name20,email20@example.com,Address 20,202-202-2020
